nome,tempo-50m-cap-aquec,tempo-50m-plac-aquec,tempo-50m-cap-nnaquec,tempo-50m-plac-nnaquec,lac-pre-cap-aquec,lac-pre-plac-aquec,lac-pre-cap-nnaquec,lac-pre-plac-nnaquec,lac-pos-1min-cap-aquec,lac-pos-1min-plac-aquec,lac-pos-1min-cap-nnaquec,lac-pos-1min-plac-nnaquec,lac-pos-3min-cap-aquec,lac-pos-3min-plac-aquec,lac-pos-3min-cap-nnaquec,lac-pos-3min-plac-nnaquec,pse-cap-aquec,pse-plac-aquec,pse-cap-nnaquec,pse-plac-nnaquec,altura-salto1-cap-aquec,altura-salto2-cap-aquec,altura-salto3-cap-aquec,media-salto-cap-aquec,altura-salto1-plac-aquec,altura-salto2-plac-aquec,altura-salto3-plac-aquec,media-salto-plac-aquec,altura-salto1-cap-nnaquec,altura-salto2-cap-nnaquec,altura-salto3-cap-nnaquec,media-salto-cap-nnaquec,altura-salto1-plac-nnaquec,altura-salto2-plac-nnaquec,altura-salto3-plac-nnaquec,media-salto-plac-nnaquec,motivacao-cap-aquec,motivacao-plac-aquec,motivacao-cap-nnaquec,motivacao-plac-nnaquec,preparacao-cap-aquec,preparacao-plac-aquec,preparacao-cap-nnaquec,preparacao-plac-nnaquec,brums-vigor-cap-aquec,brums-vigor-plac-aquec,brums-vigor-cap-nnaquec,brums-vigor-plac-nnaquec,brums-fadiga-cap-aquec,brums-fadiga-plac-aquec,brums-fadiga-cap-nnaquec,brums-fadiga-plac-nnaquec
renato,28.93,29.78,29.45,29.7,9.8,8.5,3.5,4.5,12.5,10.5,8.5,8.1,12.3,10.7,8.9,11.5,10,10,10,10,45.5,50.2,45.1,46.933,50.6,43.9,45.2,46.567,38.1,43.4,42.5,41.333,40.9,40.7,39.7,40.433,8.8,8.4,9.2,8.2,8.2,9.4,8.3,9.1,9,8,11,8,2,5,11,3
paulo,29.63,29.69,29.71,29.61,2.7,3.2,2.6,1.9,12.2,12.1,9.8,9.1,13.7,13.9,12.8,10.8,10,10,10,10,40.5,43.2,44,42.567,42.3,43.6,44.7,43.533,42.9,43.3,44,43.400,45.5,36.9,43,41.800,9,8.9,9.1,8.9,9.1,9.3,9.2,9.2,10,9,10,8,3,4,10,4
matheus,27.38,27.71,27.2,27.3,6.8,4.2,3.6,2.8,7.6,9.4,8.2,6.6,11.6,13.7,11.2,7.7,8,9,9,9,32,33.6,36,33.867,40.6,34.3,34.3,36.400,32.2,34.2,34,33.467,32.1,32.4,34.1,32.867,10,7.3,9.3,10,9.1,8.5,8.8,9.7,14,7,9,12,0,3,9,0
vinicius-leal,32.33,31.12,31.47,31.13,14.4,11.9,2.7,2.2,18.2,15.9,10.8,12.5,21.8,17.6,17.6,15.7,8,10,9,9,36.9,33.1,36.1,35.367,33.9,32.3,34,33.400,35.3,34.6,34.7,34.867,31.7,33,35.9,33.533,6.7,6.4,4.8,5.6,6.6,6.4,5.8,4.9,8,7,7,6,6,5,7,2
guilherme,28.42,27.54,28.95,28.87,9.2,7.2,3.4,4.8,17.5,16.2,8.1,12.4,18.4,13.9,14.3,11.3,8,10,8,9,31.8,32.6,33.5,32.633,41.2,34.8,32.8,36.267,30.1,30.8,32,30.967,33,30.3,32.5,31.933,8.1,7.6,7.5,7.4,8,7.1,7.6,7.3,8,8,10,9,2,2,10,2
lucas,27.82,27.92,28.46,27.85,1.8,3.7,2.1,4.6,13.7,13.3,9.3,13.9,15,16.5,11.3,12.7,10,9,10,9,35,36.8,39.4,37.067,35.1,34.8,40.9,36.933,29.9,29.5,30.4,29.933,25.7,33.1,34.9,31.233,7.6,8,7,7.7,7.3,7,7.1,6.5,12,12,12,12,6,5,6,12
bruno,26.53,26.68,26.89,26.75,2.5,1.5,3.6,3.5,13.4,15,7.4,11.5,13.9,14.6,11.8,12.4,10,10,10,10,27.7,27.6,33.6,29.633,39.5,27.3,33.5,33.433,20.5,25.1,28.2,24.600,29.5,28.5,29.8,29.267,9.1,8.5,8.4,8.5,9.5,8.2,9,9.4,9,9,8,8,0,0,0,8
flavia,35.69,35.29,35.82,35.54,4.8,6.5,1.9,2.3,8.9,13.5,13.3,11.3,11.6,13.4,14.5,14.2,9,9,8,10,24.9,27.3,27.9,26.700,25.1,26.2,24.6,25.300,26.9,23.4,24.9,25.067,25.8,26.4,26.7,26.300,5.3,3.5,3.5,6,6.7,7.8,6.9,7.2,4,5,5,5,5,10,3,5
saulo,26.1,26.45,26.13,25.97,4.2,2.9,2.6,2.4,13.9,12.5,13.4,15.3,11.7,12.3,13.4,14.2,8,9,9,9,50.3,45.7,45.1,47.033,44.3,45.7,44,44.667,30.1,45.7,46.6,40.800,50.1,49.8,49.1,49.667,5,4.9,5.1,5.3,4.2,3.6,3.6,4.5,2,5,1,6,1,2,2,6
vinicius-trindade,26.04,27.84,27.88,27.88,6.9,7.7,2.5,1.9,14.2,15.7,13.3,12.6,15.5,18.6,15,15.3,9,10,10,10,45.3,40.9,39.7,41.967,42,40.4,40.7,41.033,29.8,36.2,37.1,34.367,37,39.7,37.9,38.200,9.4,9.3,9.8,9.2,9.6,9.5,9.7,9.2,9,8,9,8,0,1,1,8
victor,28.52,26.24,26.25,26.16,4.6,6.3,2.9,1.9,13.5,16.4,12.1,11.9,16.6,19.9,15.2,16.6,9,9,9,9,41.1,31.2,35.3,35.867,31,31.5,31.8,31.433,28.1,31.7,33.9,31.233,36.2,32.4,31.6,33.400,5.9,5.8,5.3,5.7,5.5,4.1,3.8,4.3,4,5,4,4,0,2,2,4
vitoria,,36.37,35.81,36.13,,6.1,3.1,3.3,,14.2,12.2,8.9,,12.8,11.8,9.9,,8,9,9,,,,,25.7,22.2,22.3,23.400,27,22.2,24.2,24.467,22.3,22.1,21.5,21.967,,7.8,8.2,7.6,,8.2,8.4,8.4,,4,4,8,,4,4,4
luiza,,,30.47,30.78,,,1.8,2.4,,,11.1,12.6,,,13.9,11.9,,,8,10,,,,,,,,,27.8,29.5,23.3,26.867,19.4,23.2,25.7,22.767,,,5,6.6,,,8,9.4,,,5,6,,,5,5